{"pageElement": {"id": "b346237a-8803-ab6b-dc8f-690781557ae4", "pageElements": [{"definition": {"fragmentStyle": {"paddingLeft": "7", "paddingRight": "5"}, "fragmentViewports": [{"fragmentViewportStyle": {"height": "", "hidden": false, "marginBottom": "0", "overflow": "visible", "paddingBottom": "0", "paddingLeft": "0", "paddingRight": "15rem", "paddingTop": "4"}, "id": "landscapeMobile"}, {"fragmentViewportStyle": {"height": "7rem", "hidden": false, "paddingRight": "0"}, "id": "portraitMobile"}, {"fragmentViewportStyle": {"paddingLeft": "0", "paddingRight": "0"}, "id": "tablet"}], "indexed": true, "layout": {"align": "Center", "contentDisplay": "FlexRow", "justify": "Center", "paddingLeft": 8, "paddingRight": 4}}, "id": "0591c33c-5bc9-f601-6b84-ecb66fa02b73", "pageElements": [{"definition": {"fragmentStyle": {"height": "5rem", "textAlign": "center", "width": "100%"}, "fragmentViewports": [{"fragmentViewportStyle": {"height": "6rem", "marginBottom": "0", "paddingBottom": "0", "paddingTop": "0", "textAlign": "center", "width": "35rem"}, "id": "landscapeMobile"}, {"fragmentViewportStyle": {"height": "", "width": ""}, "id": "portraitMobile"}], "gutters": true, "indexed": true, "modulesPerRow": 3, "numberOfColumns": 3, "reverseOrder": false, "rowViewports": [{"id": "landscapeMobile", "rowViewportDefinition": {"modulesPerRow": 1, "reverseOrder": false, "verticalAlignment": "top"}}, {"id": "portraitMobile", "rowViewportDefinition": {"verticalAlignment": "top"}}, {"id": "tablet", "rowViewportDefinition": {}}], "verticalAlignment": "top"}, "id": "784bdfd3-53f9-9393-8bff-7be5e67088f2", "pageElements": [{"definition": {"columnViewports": [{"columnViewportDefinition": {"size": 12}, "id": "landscapeMobile"}, {"columnViewportDefinition": {}, "id": "portraitMobile"}, {"columnViewportDefinition": {"size": 4}, "id": "tablet"}], "size": 4}, "id": "42c1e254-8ff9-2729-cfdb-f98f0305517e", "pageElements": [{"definition": {"fragment": {"key": "BASIC_COMPONENT-image"}, "fragmentConfig": {"imageSize": "w-100"}, "fragmentFields": [{"id": "image-square", "value": {"fragmentImage": {"description": {"value_i18n": {"en_US": ""}}, "url": {"value_i18n": {"en_US": "http://localhost:8080/documents/20117/32226/Living+Stone+%281%29.png/4982e37e-2026-1684-8986-902c919a40cb?version=1.0&t=1742067631989"}}}, "fragmentLink": {}}}], "fragmentStyle": {"marginLeft": "4", "width": "18rem"}, "fragmentViewports": [{"fragmentViewportStyle": {"height": "", "hidden": false, "marginBottom": "0", "marginLeft": "8rem", "marginTop": "0", "overflow": "visible", "paddingBottom": "0", "paddingTop": "4", "textAlign": "center", "width": ""}, "id": "landscapeMobile"}, {"fragmentViewportStyle": {"hidden": false, "marginLeft": "1.75rem", "overflow": "", "paddingTop": "0", "width": ""}, "id": "portraitMobile"}], "indexed": true}, "id": "8ec8bb82-8c3a-1255-8253-59a2bdb242d8", "type": "Fragment"}], "type": "Column"}, {"definition": {"columnViewports": [{"columnViewportDefinition": {"size": 12}, "id": "landscapeMobile"}, {"columnViewportDefinition": {}, "id": "portraitMobile"}, {"columnViewportDefinition": {"size": 4}, "id": "tablet"}], "size": 3}, "id": "ecb04930-f402-1d92-d797-c724caa42073", "type": "Column"}, {"definition": {"columnViewports": [{"columnViewportDefinition": {"size": 12}, "id": "landscapeMobile"}, {"columnViewportDefinition": {}, "id": "portraitMobile"}, {"columnViewportDefinition": {}, "id": "tablet"}], "size": 5}, "id": "894597a1-4fc4-e1ba-00ac-0593954cf8ca", "pageElements": [{"definition": {"fragment": {"key": "cabeçalho-claro-(copy)-0", "siteKey": "Guest"}, "fragmentConfig": {}, "fragmentFields": [], "fragmentStyle": {"height": "5rem", "marginRight": "5", "marginTop": "2"}, "fragmentViewports": [{"fragmentViewportStyle": {"height": "", "hidden": true, "marginBottom": "0", "marginRight": "0", "overflow": "", "textAlign": "left"}, "id": "landscapeMobile"}, {"fragmentViewportStyle": {"hidden": true, "overflow": ""}, "id": "portraitMobile"}, {"fragmentViewportStyle": {"height": "-5rem", "marginBottom": "0", "paddingBottom": "0"}, "id": "tablet"}], "indexed": true, "widgetInstances": [{"widgetConfig": {}, "widgetName": "com_liferay_site_navigation_menu_web_portlet_SiteNavigationMenuPortlet"}]}, "id": "8beb1058-127c-f73a-85f0-d3d2882cf0be", "type": "Fragment"}], "type": "Column"}], "type": "Row"}], "type": "Section"}, {"definition": {"fragment": {"key": "BASIC_COMPONENT-spacer"}, "fragmentConfig": {"height": "py-3"}, "fragmentFields": [], "fragmentStyle": {"backgroundColor": "", "textColor": ""}, "indexed": true}, "id": "041d4f71-80d4-ba6a-2f86-e04c361a389a", "type": "Fragment"}, {"definition": {"fragment": {"key": "BASIC_COMPONENT-dropdown"}, "fragmentConfig": {"buttonType": "secondary", "keepOpen": false, "displayOnHover": true, "buttonSize": "sm", "panelType": "full-width"}, "fragmentFields": [{"id": "dropdown-text", "value": {"fragmentLink": {}}}], "fragmentStyle": {"hidden": true}, "fragmentViewports": [{"fragmentViewportStyle": {"hidden": false, "textAlign": "center"}, "id": "landscapeMobile"}, {"fragmentViewportStyle": {"hidden": false, "textAlign": "center"}, "id": "portraitMobile"}, {"fragmentViewportStyle": {"hidden": true}, "id": "tablet"}], "indexed": true}, "id": "2b2128a7-2448-cd0d-d089-2255db559419", "pageElements": [{"definition": {"fragmentDropZoneId": "1"}, "id": "60c3c49a-38da-16b7-c827-19fab52a3daa", "pageElements": [{"definition": {"fragment": {"key": "com.liferay.fragment.renderer.menu.display.internal.MenuDisplayFragmentRenderer"}, "fragmentConfig": {"displayStyle": "horizontal", "selectedItemColor": "", "sublevels": "-1", "hoveredItemColor": "", "source": ""}, "fragmentFields": [], "fragmentViewports": [{"fragmentViewportStyle": {"hidden": false, "marginLeft": "0", "paddingLeft": "0", "textAlign": "center"}, "id": "portraitMobile"}], "indexed": true}, "id": "e1ba385d-8afd-0bfb-9166-dfb714d2b79f", "type": "Fragment"}], "type": "FragmentDropZone"}], "type": "Fragment"}, {"definition": {"fragmentSettings": {"unallowedFragments":[]}}, "id": "dc183663-bd11-da33-19db-9f0ded36a982", "type": "DropZone"}, {"definition": {"fragment": {"key": "BASIC_COMPONENT-spacer"}, "fragmentConfig": {"height": "py-3"}, "fragmentFields": [], "fragmentStyle": {"backgroundColor": "", "textColor": ""}, "indexed": true}, "id": "84f45fdf-2323-b89b-5524-b6eed40ae1ce", "type": "Fragment"}, {"definition": {"fragmentStyle": {"backgroundColor": "whiteColor", "borderColor": "", "fontFamily": "fontFamilySansSerif", "fontWeight": "fontWeightBold", "height": "300px", "paddingLeft": "7", "paddingRight": "7", "textColor": "whiteColor"}, "indexed": true, "layout": {"paddingLeft": 8, "paddingRight": 8}}, "id": "df69a739-b670-fcec-404b-f058f5fe3f47", "pageElements": [{"definition": {"fragmentStyle": {"backgroundColor": "#BF0A0A00"}, "gutters": false, "indexed": true, "modulesPerRow": 3, "numberOfColumns": 3, "reverseOrder": false, "rowViewports": [{"id": "landscapeMobile", "rowViewportDefinition": {"modulesPerRow": 1}}, {"id": "portraitMobile", "rowViewportDefinition": {}}, {"id": "tablet", "rowViewportDefinition": {}}], "verticalAlignment": "middle"}, "id": "684f1023-e893-bab0-f7bb-3f39395ef6b0", "pageElements": [{"definition": {"columnViewports": [{"columnViewportDefinition": {"size": 12}, "id": "landscapeMobile"}, {"columnViewportDefinition": {}, "id": "portraitMobile"}, {"columnViewportDefinition": {}, "id": "tablet"}], "size": 3}, "id": "2c93b30c-c27e-f097-3640-cfbf4ff7de6f", "pageElements": [{"definition": {"fragment": {"key": "BASIC_COMPONENT-html"}, "fragmentConfig": {}, "fragmentFields": [{"id": "element-html", "value": {"html": {"value_i18n": {"en_US": "\n\n\n\n<div class=\"widget-column-1\" style=\"font-family: Arial, sans-serif; padding: 20px; width: 300px;\">\n    <h5 style=\"font-size: 18px; margin-bottom: 10px; text-transform: uppercase; border-bottom: 2px solid #000; padding-bottom: 5px;\">\n        Infomaçõe de Contato\n    </h5>\n\n    <div class=\"contactdetail\" style=\"line-height: 1.6; color: #555;\">\n        <p>\n            <strong>Ligue para:</strong> \n            <span>345-677-554</span>\n        </p>\n        <p>\n            <strong>E-mail:</strong> \n            <a href=\"mailto:luciano.xavier@seatecnologia.com.br\" style=\"color: #2196F3; text-decoration: none; font-weight: bold;\">\n                luciano.xavier@seatecnologia.com.br\n            </a>\n        </p>\n    </div>\n</div>\n"}}}}], "fragmentStyle": {"backgroundColor": "", "textAlign": "center", "textColor": "brandColor4"}, "indexed": true}, "id": "a6f65e4f-1c4f-5d04-543d-7f2908fff683", "type": "Fragment"}], "type": "Column"}, {"definition": {"columnViewports": [{"columnViewportDefinition": {"size": 12}, "id": "landscapeMobile"}, {"columnViewportDefinition": {}, "id": "portraitMobile"}, {"columnViewportDefinition": {}, "id": "tablet"}], "size": 5}, "id": "481ebbb2-f712-f80a-e3f2-04ed407d9086", "pageElements": [{"definition": {"fragment": {"key": "BASIC_COMPONENT-image"}, "fragmentConfig": {"imageSize": "w-100"}, "fragmentFields": [{"id": "image-square", "value": {"fragmentImage": {"url": {"value_i18n": {"en_US": "http://localhost:8080/documents/20117/32226/10578808+%281%29.png/3a010dee-ee57-a9fa-dfcc-8272496e8a5a?version=1.0&t=1744242214450"}}}, "fragmentLink": {}}}], "indexed": true}, "id": "fab84260-2d81-e4be-d798-b50538a5d40d", "type": "Fragment"}], "type": "Column"}, {"definition": {"columnViewports": [{"columnViewportDefinition": {"size": 12}, "id": "landscapeMobile"}, {"columnViewportDefinition": {}, "id": "portraitMobile"}, {"columnViewportDefinition": {}, "id": "tablet"}], "size": 4}, "id": "99e7a937-61f9-0093-131b-d60d92b79708", "pageElements": [{"definition": {"fragment": {"key": "news-letter", "siteKey": "Guest"}, "fragmentConfig": {}, "fragmentFields": [], "indexed": true}, "id": "be226e75-80fd-ea6a-4091-073d5cc64d58", "type": "Fragment"}], "type": "Column"}], "type": "Row"}], "type": "Section"}], "type": "Root"}, "settings": {"colorSchemeName": "01", "themeName": "Classic", "themeSettings": {"lfr-theme:regular:show-header-search":"false","lfr-theme:regular:show-header":"false","lfr-theme:regular:show-footer":"false","lfr-theme:regular:wrap-widget-page-content":"false"}}, "version": 1.1}